<application>
  <component name="ProjectManager">
    <defaultProject>
      <component name="MavenImportPreferences">
        <option name="generalSettings">
          <MavenGeneralSettings>
            <option name="mavenHome" value="D:/java_software/apache-maven-3.5.0" />
            <option name="userSettingsFile" value="D:\java_software\apache-maven-3.5.0\conf\settings.xml" />
          </MavenGeneralSettings>
        </option>
      </component>
      <component name="ProjectInspectionProfilesVisibleTreeState">
        <entry key="Project Default">
          <profile-state>
            <expanded-state>
              <State />
              <State>
                <id>Ali-Check</id>
              </State>
              <State>
                <id>Android</id>
              </State>
              <State>
                <id>Bitwise operation issuesJava</id>
              </State>
              <State>
                <id>Bitwise operation issuesJavaScript</id>
              </State>
              <State>
                <id>Code style issuesJava</id>
              </State>
              <State>
                <id>CodeSpring CoreSpring</id>
              </State>
              <State>
                <id>Control flow issuesGroovy</id>
              </State>
              <State>
                <id>Control flow issuesJava</id>
              </State>
              <State>
                <id>Control flow issuesJavaScript</id>
              </State>
              <State>
                <id>CorrectnessLintAndroid</id>
              </State>
              <State>
                <id>Cucumber</id>
              </State>
              <State>
                <id>Declaration redundancyJava</id>
              </State>
              <State>
                <id>GeneralJavaScript</id>
              </State>
              <State>
                <id>Groovy</id>
              </State>
              <State>
                <id>IconsUsabilityLintAndroid</id>
              </State>
              <State>
                <id>ImportsJava</id>
              </State>
              <State>
                <id>Inheritance issuesJava</id>
              </State>
              <State>
                <id>InternationalizationLintAndroid</id>
              </State>
              <State>
                <id>JUnitJava</id>
              </State>
              <State>
                <id>Java</id>
              </State>
              <State>
                <id>Java 7Java language level migration aidsJava</id>
              </State>
              <State>
                <id>Java 9Java language level migration aidsJava</id>
              </State>
              <State>
                <id>Java language level issuesJava</id>
              </State>
              <State>
                <id>Java language level migration aidsJava</id>
              </State>
              <State>
                <id>JavaScript</id>
              </State>
              <State>
                <id>JavadocJava</id>
              </State>
              <State>
                <id>Kotlin</id>
              </State>
              <State>
                <id>LintAndroid</id>
              </State>
              <State>
                <id>MigrationKotlin</id>
              </State>
              <State>
                <id>Numeric issuesJava</id>
              </State>
              <State>
                <id>PerformanceJava</id>
              </State>
              <State>
                <id>PerformanceLintAndroid</id>
              </State>
              <State>
                <id>Potentially confusing code constructsGroovy</id>
              </State>
              <State>
                <id>Potentially confusing code constructsJavaScript</id>
              </State>
              <State>
                <id>Probable bugsJava</id>
              </State>
              <State>
                <id>Probable bugsKotlin</id>
              </State>
              <State>
                <id>Resource managementJava</id>
              </State>
              <State>
                <id>SQL</id>
              </State>
              <State>
                <id>SecurityLintAndroid</id>
              </State>
              <State>
                <id>Spring</id>
              </State>
              <State>
                <id>Spring AOPSpring</id>
              </State>
              <State>
                <id>Spring CoreSpring</id>
              </State>
              <State>
                <id>UI Form</id>
              </State>
              <State>
                <id>UsabilityLintAndroid</id>
              </State>
              <State>
                <id>XMLSpring CoreSpring</id>
              </State>
            </expanded-state>
            <selected-state>
              <State>
                <id>SpringJavaInjectionPointsAutowiringInspection</id>
              </State>
            </selected-state>
          </profile-state>
        </entry>
      </component>
      <component name="PropertiesComponent">
        <property name="nodejs_interpreter_path.stuck_in_default_project" value="undefined stuck path" />
        <property name="nodejs_npm_path_reset_for_default_project" value="true" />
        <property name="settings.editor.selected.configurable" value="Errors" />
      </component>
      <component name="masterDetails">
        <states>
          <state key="ProjectJDKs.UI">
            <settings>
              <last-edited>1.7</last-edited>
              <splitter-proportions>
                <option name="proportions">
                  <list>
                    <option value="0.2" />
                  </list>
                </option>
              </splitter-proportions>
            </settings>
          </state>
        </states>
      </component>
    </defaultProject>
  </component>
</application>